{"smoothness":0.0,"snapiness":0.25,"keyPoses":[{"time01":0.0,"shoulder":{"x":0.0,"y":0.0,"z":0.0},"elbow":{"x":0.41499993205070498,"y":-0.573975145816803,"z":0.16699999570846559},"hand":{"x":0.41499993205070498,"y":-1.1039750576019288,"z":-0.08400000631809235},"handRotation":{"x":0.2376859039068222,"y":0.0,"z":0.0,"w":0.971342146396637}},{"time01":1.0,"shoulder":{"x":0.0,"y":0.0,"z":0.0},"elbow":{"x":0.41499993205070498,"y":-0.573975145816803,"z":0.16699999570846559},"hand":{"x":0.41499993205070498,"y":-1.1039750576019288,"z":-0.08400000631809235},"handRotation":{"x":0.2376859039068222,"y":0.0,"z":0.0,"w":0.971342146396637}}]}