{"smoothness":0.5,"snapiness":0.5,"keyPoses":[{"time01":0.0,"shoulder":{"x":0.0,"y":0.0,"z":0.0},"elbow":{"x":0.16599999368190766,"y":-0.23989999294281007,"z":-0.6100000143051148},"hand":{"x":0.0,"y":-0.1453000009059906,"z":-1.2760000228881837},"handRotation":{"x":0.7071068286895752,"y":0.0,"z":0.0,"w":0.7071068286895752}},{"time01":0.5,"shoulder":{"x":0.0,"y":0.0,"z":0.0},"elbow":{"x":0.30300000309944155,"y":0.0,"z":-0.6309999823570252},"hand":{"x":3.1645908116217927e-11,"y":0.4699999988079071,"z":-1.1319999694824219},"handRotation":{"x":0.9659258127212524,"y":0.0,"z":0.0,"w":0.2588191032409668}},{"time01":1.0,"shoulder":{"x":0.0,"y":0.0,"z":0.0},"elbow":{"x":0.16599999368190766,"y":-0.23989999294281007,"z":-0.6100000143051148},"hand":{"x":0.0,"y":-0.1453000009059906,"z":-1.2760000228881837},"handRotation":{"x":0.7071068286895752,"y":0.0,"z":0.0,"w":0.7071068286895752}}]}