{"smoothness":0.20000000298023225,"snapiness":1.0,"keyPoses":[{"time01":0.4000000059604645,"shoulder":{"x":0.0,"y":0.0,"z":0.0},"elbow":{"x":0.02999952808022499,"y":-0.6380000114440918,"z":-0.43700000643730166},"hand":{"x":0.029999876394867898,"y":-0.6390621662139893,"z":-1.1439948081970215},"handRotation":{"x":0.7071067690849304,"y":0.0,"z":0.0,"w":0.7071067690849304}},{"time01":0.5,"shoulder":{"x":0.0,"y":0.0,"z":0.0},"elbow":{"x":0.029999524354934694,"y":-0.625,"z":0.6679999828338623},"hand":{"x":0.02999987080693245,"y":-0.6260621547698975,"z":-0.03899490833282471},"handRotation":{"x":0.7029045224189758,"y":0.0,"z":0.0,"w":0.7112842798233032}},{"time01":0.6000000238418579,"shoulder":{"x":0.0,"y":0.0,"z":0.0},"elbow":{"x":0.02999952808022499,"y":-0.6380000114440918,"z":-0.43700000643730166},"hand":{"x":0.029999876394867898,"y":-0.6390621662139893,"z":-1.1439948081970215},"handRotation":{"x":0.7071067690849304,"y":0.0,"z":0.0,"w":0.7071067690849304}},{"time01":1.0,"shoulder":{"x":0.0,"y":0.0,"z":0.0},"elbow":{"x":0.02999952994287014,"y":-0.6380000114440918,"z":-0.6669999957084656},"hand":{"x":0.02999987080693245,"y":-0.6390619277954102,"z":-1.3739949464797974},"handRotation":{"x":0.7071068286895752,"y":0.0,"z":0.0,"w":0.7071068286895752}}]}