{"smoothness":0.10000000149011612,"snapiness":1.0,"keyPoses":[{"time01":0.4000000059604645,"shoulder":{"x":0.0,"y":0.0,"z":0.0},"elbow":{"x":-0.04800000041723251,"y":-0.6029999852180481,"z":-0.43299999833106997},"hand":{"x":-0.878000020980835,"y":-0.6546000242233276,"z":-0.7540000081062317},"handRotation":{"x":0.7071067690849304,"y":0.0,"z":0.0,"w":0.7071067690849304}},{"time01":0.5,"shoulder":{"x":0.0,"y":0.0,"z":0.0},"elbow":{"x":-0.02999982237815857,"y":-0.6381300687789917,"z":-0.44751524925231936},"hand":{"x":-0.9079999923706055,"y":-0.6381301283836365,"z":-0.44751524925231936},"handRotation":{"x":0.7071067690849304,"y":0.0,"z":0.0,"w":0.7071067690849304}},{"time01":0.699999988079071,"shoulder":{"x":0.0,"y":0.0,"z":0.0},"elbow":{"x":0.029999883845448495,"y":-0.5879999995231628,"z":0.15800000727176667},"hand":{"x":0.029999999329447748,"y":-0.6069999933242798,"z":-0.5920000076293945},"handRotation":{"x":0.7071067690849304,"y":0.0,"z":0.0,"w":0.7071067690849304}},{"time01":3.0,"shoulder":{"x":0.0,"y":0.0,"z":0.0},"elbow":{"x":0.03000013530254364,"y":-0.5094000101089478,"z":0.8550999164581299},"hand":{"x":0.03000001236796379,"y":-0.5283999443054199,"z":0.10509996861219406},"handRotation":{"x":0.7071067690849304,"y":5.81966086512465e-20,"z":-5.81966086512465e-20,"w":0.7071067690849304}}]}