{"smoothness":0.0,"snapiness":0.25,"keyPoses":[{"time01":0.0,"shoulder":{"x":0.0,"y":0.0,"z":0.0},"elbow":{"x":0.392781138420105,"y":-0.5409957766532898,"z":-0.019103214144706727},"hand":{"x":0.2800000011920929,"y":-0.6759999990463257,"z":-0.47600001096725466},"handRotation":{"x":0.6427875757217407,"y":0.0,"z":0.0,"w":0.7660444378852844}},{"time01":0.5,"shoulder":{"x":0.0,"y":0.0,"z":0.0},"elbow":{"x":0.030000001192092897,"y":-0.7800000309944153,"z":0.16699999570846559},"hand":{"x":0.030000001192092897,"y":-1.309999942779541,"z":-0.08399999886751175},"handRotation":{"x":0.2376859039068222,"y":0.0,"z":0.0,"w":0.971342146396637}},{"time01":1.0,"shoulder":{"x":0.0,"y":0.0,"z":0.0},"elbow":{"x":0.15399999916553498,"y":-0.652999997138977,"z":0.31299999356269839},"hand":{"x":0.453000009059906,"y":-0.9139999747276306,"z":-0.06700000166893006},"handRotation":{"x":-0.518069326877594,"y":0.27385300397872927,"z":-0.17954935133457185,"w":-0.7901713848114014}}]}