{"smoothness":0.0,"snapiness":1.0,"keyPoses":[{"time01":1.0,"shoulder":{"x":0.0,"y":0.0,"z":0.0},"elbow":{"x":0.5170000195503235,"y":0.5400000214576721,"z":-0.3149999976158142},"hand":{"x":-0.12099999934434891,"y":0.5660000443458557,"z":-0.16599999368190766},"handRotation":{"x":0.0,"y":0.0,"z":0.0,"w":1.0}}]}