{"smoothness":0.0,"snapiness":0.5,"keyPoses":[{"time01":0.0,"shoulder":{"x":0.0,"y":0.0,"z":0.0},"elbow":{"x":0.030000001192092897,"y":-0.7800000309944153,"z":0.0},"hand":{"x":0.030000001192092897,"y":-1.3200000524520875,"z":0.0},"handRotation":{"x":0.0,"y":0.0,"z":0.0,"w":1.0}},{"time01":1.0,"shoulder":{"x":0.0,"y":0.0,"z":0.0},"elbow":{"x":0.030000001192092897,"y":-0.7800000309944153,"z":0.0},"hand":{"x":0.030000001192092897,"y":-1.3200000524520875,"z":0.0},"handRotation":{"x":0.0,"y":0.0,"z":0.0,"w":1.0}}]}