{"smoothness":0.0,"snapiness":0.5,"keyPoses":[{"time01":0.0,"shoulder":{"x":0.0,"y":0.0,"z":0.0},"elbow":{"x":-0.17100000381469727,"y":-0.2240000069141388,"z":-0.7699999809265137},"hand":{"x":-0.3999999761581421,"y":0.4240000247955322,"z":-0.5899999737739563},"handRotation":{"x":-0.9763825535774231,"y":-0.17216263711452485,"z":-0.022665662690997125,"w":0.12854357063770295}},{"time01":1.0,"shoulder":{"x":0.0,"y":0.0,"z":0.0},"elbow":{"x":0.17299999296665193,"y":-0.2240000069141388,"z":-0.7699999809265137},"hand":{"x":0.09799998998641968,"y":0.4240000247955322,"z":-0.5899999737739563},"handRotation":{"x":-0.9914448261260986,"y":0.0,"z":0.0,"w":0.13052642345428468}}]}