{"smoothness":0.0,"snapiness":1.0,"keyPoses":[{"time01":1.0,"shoulder":{"x":0.0,"y":0.0,"z":0.0},"elbow":{"x":0.5979999899864197,"y":-0.13899999856948853,"z":0.07999999821186066},"hand":{"x":0.06300000101327896,"y":-0.5284008979797363,"z":-0.1340000033378601},"handRotation":{"x":0.7071068286895752,"y":1.4587517013621347e-42,"z":-1.4587517013621347e-42,"w":0.7071068286895752}}]}