{"smoothness":0.20000000298023225,"snapiness":0.699999988079071,"keyPoses":[{"time01":0.20000000298023225,"shoulder":{"x":0.0,"y":0.0,"z":0.0},"elbow":{"x":0.030000001192092897,"y":-0.47699999809265139,"z":0.7540000081062317},"hand":{"x":0.030000001192092897,"y":-0.4959999918937683,"z":0.004000000189989805},"handRotation":{"x":0.7071068286895752,"y":0.0,"z":0.0,"w":0.7071068286895752}},{"time01":0.5,"shoulder":{"x":0.0,"y":0.0,"z":0.0},"elbow":{"x":0.029999997466802598,"y":0.06100010871887207,"z":-0.8930000066757202},"hand":{"x":0.029999997466802598,"y":0.125,"z":-1.7719999551773072},"handRotation":{"x":0.7397631406784058,"y":0.0,"z":0.0,"w":0.672867476940155}},{"time01":1.0,"shoulder":{"x":0.0,"y":0.0,"z":0.0},"elbow":{"x":0.09000000357627869,"y":0.003000000026077032,"z":-0.8820000290870667},"hand":{"x":0.029999997466802598,"y":0.06300000101327896,"z":-1.722000002861023},"handRotation":{"x":0.7223639488220215,"y":0.0,"z":0.0,"w":0.6915130615234375}}]}