{"smoothness":0.0,"snapiness":0.5,"keyPoses":[{"time01":1.0,"shoulder":{"x":0.0,"y":0.0,"z":0.0},"elbow":{"x":0.6690000295639038,"y":0.09999998658895493,"z":0.23600000143051148},"hand":{"x":1.1999999284744263,"y":0.15800002217292787,"z":0.47399991750717165},"handRotation":{"x":0.23780085146427155,"y":-0.6659209728240967,"z":0.6659210920333862,"w":0.23780079185962678}}]}