{"smoothness":0.0,"snapiness":0.699999988079071,"keyPoses":[{"time01":0.20000000298023225,"shoulder":{"x":0.0,"y":0.0,"z":0.0},"elbow":{"x":0.030000001192092897,"y":-0.47699999809265139,"z":0.7540000081062317},"hand":{"x":0.030000001192092897,"y":-0.4959999918937683,"z":0.004000000189989805},"handRotation":{"x":0.7071068286895752,"y":0.0,"z":0.0,"w":0.7071068286895752}},{"time01":0.5,"shoulder":{"x":0.0,"y":0.0,"z":0.0},"elbow":{"x":0.029999997466802598,"y":0.06100010871887207,"z":-0.8930000066757202},"hand":{"x":0.029999997466802598,"y":0.125,"z":-1.7719999551773072},"handRotation":{"x":0.7313537001609802,"y":-2.1573924868789619e-9,"z":-2.1573924868789619e-9,"w":0.6819983720779419}},{"time01":0.6000000238418579,"shoulder":{"x":0.0,"y":0.0,"z":0.0},"elbow":{"x":0.030173715204000474,"y":0.4440000057220459,"z":-0.7468000054359436},"hand":{"x":0.030044054612517358,"y":0.5068475604057312,"z":-1.6239992380142213},"handRotation":{"x":0.7313537001609802,"y":-2.1573924868789619e-9,"z":-2.1573924868789619e-9,"w":0.6819983720779419}},{"time01":2.0,"shoulder":{"x":0.0,"y":0.0,"z":0.0},"elbow":{"x":0.029999997466802598,"y":0.06100010871887207,"z":-0.8930000066757202},"hand":{"x":0.029999997466802598,"y":0.125,"z":-1.7719999551773072},"handRotation":{"x":0.7313537001609802,"y":-2.1573924868789619e-9,"z":-2.1573924868789619e-9,"w":0.6819983720779419}}]}