{"smoothness":0.20000000298023225,"snapiness":0.699999988079071,"keyPoses":[{"time01":0.20000000298023225,"shoulder":{"x":0.0,"y":0.0,"z":0.0},"elbow":{"x":0.19020000100135804,"y":-0.029799936339259149,"z":-0.840399980545044},"hand":{"x":0.029999997466802598,"y":0.0833061933517456,"z":-1.5600998401641846},"handRotation":{"x":0.7223639488220215,"y":0.0,"z":0.0,"w":0.6915130615234375}},{"time01":0.5,"shoulder":{"x":0.0,"y":0.0,"z":0.0},"elbow":{"x":0.030000001192092897,"y":-0.5093998908996582,"z":0.8333000540733337},"hand":{"x":0.030000001192092897,"y":-0.5283998847007752,"z":0.08329998701810837},"handRotation":{"x":0.7071068286895752,"y":0.0,"z":0.0,"w":0.7071068286895752}},{"time01":0.699999988079071,"shoulder":{"x":0.0,"y":0.0,"z":0.0},"elbow":{"x":0.03000013530254364,"y":-0.5094000101089478,"z":0.8550999164581299},"hand":{"x":0.03000001236796379,"y":-0.5283999443054199,"z":0.10509996861219406},"handRotation":{"x":0.7071068286895752,"y":0.0,"z":0.0,"w":0.7071068286895752}}]}