{"smoothness":0.0,"snapiness":1.0,"keyPoses":[{"time01":0.0,"elbow":{"x":-0.31928473711013796,"y":-0.0989999771118164,"z":-0.8936675190925598},"hand":{"x":-1.0680209398269654,"y":-0.22500014305114747,"z":-0.592862606048584},"handRotation":{"x":0.29766130447387698,"y":0.6414029598236084,"z":-0.6414029598236084,"w":0.29766130447387698}},{"time01":0.5,"elbow":{"x":0.0,"y":0.01600000075995922,"z":-0.8936675190925598},"hand":{"x":0.0,"y":0.06300000101327896,"z":-1.6489999294281006},"handRotation":{"x":0.7071068286895752,"y":0.0,"z":0.0,"w":0.7071068286895752}},{"time01":1.0,"elbow":{"x":0.6690000295639038,"y":0.09999998658895493,"z":0.23600000143051148},"hand":{"x":1.1999999284744263,"y":0.15800002217292787,"z":0.47399991750717165},"handRotation":{"x":0.23780085146427155,"y":-0.6659209728240967,"z":0.6659210920333862,"w":0.23780079185962678}}]}