{"smoothness":0.0,"snapiness":0.5,"keyPoses":[{"time01":1.0,"shoulder":{"x":0.0,"y":0.0,"z":0.0},"elbow":{"x":-0.31928473711013796,"y":-0.0989999771118164,"z":-0.8936675190925598},"hand":{"x":-1.0680209398269654,"y":-0.22500014305114747,"z":-0.592862606048584},"handRotation":{"x":0.29766130447387698,"y":0.6414029598236084,"z":-0.6414029598236084,"w":0.29766130447387698}}]}